[{
  "drag": {
    "dragging": false,
    "top": 0,
    "left": 0
  },
  "resize": {
    "resizing": false,
    "width": 0,
    "height": 0
  },
  "responsive": {
    "valueW": 0
  },
  "static": false,
  "resizable": true,
  "draggable": true,
  "min": {},
  "max": {},
  "x": 0,
  "y": 0,
  "w": 15,
  "h": 7,
  "id": "_zv373fjtv",
  "name": "hello world_vhp18cm7x_3s23z4g76_244sn2a7q_zv373fjtv",
  "type": "modelEditor",
  "lineNumbers": true,
  "hasFocus": false,
  "theme": "monokai",
  "background": "#f0f0f0",
  "data": ""
}]
