[{
  "drag": {
    "dragging": false,
    "top": 0,
    "left": 0
  },
  "resize": {
    "resizing": false,
    "width": 0,
    "height": 0
  },
  "responsive": {
    "valueW": 0
  },
  "static": false,
  "resizable": true,
  "draggable": true,
  "min": {},
  "max": {},
  "x": 0,
  "y": 0,
  "w": 15,
  "h": 7,
  "id": "_zv373fjtv",
  "name": "hello world_vhp18cm7x_3s23z4g76_244sn2a7q_zv373fjtv",
  "type": "modelEditor",
  "lineNumbers": true,
  "hasFocus": false,
  "theme": "monokai",
  "background": "#f0f0f0",
  "data": "//this is the JavaScript window\n//you can open up the javascript console to monitor output\n\n_____\n\n//code can be run in blocks or as single lines\n//blocks are separated by 3 or more _underscores_\n//run a block using ctrl-enter\n//run a single line using shift-enter\n// try running the code below as a block or as single lines - see the output in the javascript console\n\nconsole.log(\"Hello\");\nconsole.log(\"from\");\nconsole.log(\"the\");\nconsole.log(\"Sema\");\nconsole.log(\"ML\");\nconsole.log(\"window\");\n\n_____\n\n//if the code you run returns a result, it will be shown in the console\n\n2*2+1\n\n_____\n\n//scope: you can define local or global variables\n\nlet x=\"local variable\";\nvar y=\"global variable\";\nconsole.log(y)\nconsole.log(x)\n_____\n\nconsole.log(y) \nconsole.log(x) //x was a local variable in the last block so this will cause an error\n\n_____\n\n//define global functions\n\nfunction cube(x) {\n\treturn x*x*x;\n}\n\nvar square = (x) => x*x;\n______\n\ncube(3) + square(2)\n\n_____\n\n\n\n"
}]
