[
	{
		"drag": { "dragging": false, "top": 0, "left": 0 },
		"resize": { "resizing": false, "width": 0, "height": 0 },
		"responsive": { "valueW": 0 },
		"resizable": true,
		"draggable": true,
		"min": {},
		"max": {},
		"x": 0,
		"y": 0,
		"w": 11,
		"h": 3,
		"id": "_6b3c4x6qe",
		"type": "liveCodeEditor",
		"name": "hello-world_y2pqvmh6b_myyx0w13z_5ygcr56yf_6b3c4x6qe",
		"background": "#151515",
		"lineNumbers": true,
		"hasFocus": false,
		"theme": "icecoder",
		"data": "// LIVE CODE EDITOR \n\n// Make sure the audio engine is ON (click on top right button with RED speaker) \n\n// Place the cursor on this panel \n\n// To evaluate the code below and playback sound, press cmd-Enter [Mac] OR ctrl-Enter [Win/Linux] ! \n\n>{5}saw;\n\n// Change the number and re-evaluate \n\n// To stop sound, press cmd-. [Mac] OR ctrl-. [Win/Linux]! ",
		"grammarSource": "/languages/default/grammar.ne",
		"liveCodeSource": "/languages/default/code.sem"
	},
	{
		"drag": { "dragging": false, "top": 0, "left": 0 },
		"resize": { "resizing": false, "width": 0, "height": 0 },
		"responsive": { "valueW": 0 },
		"resizable": true,
		"draggable": true,
		"min": {},
		"max": {},
		"x": 0,
		"y": 3,
		"w": 11,
		"h": 3,
		"id": "_nx9yneq25",
		"name": "hello world_au1enazhs_iwu2mp3lh_6l092dg1c_nx9yneq25",
		"type": "analyser",
		"lineNumbers": true,
		"hasFocus": false,
		"theme": "monokai",
		"background": "#f0f0f0",
		"mode": "both"
	}
]
