[{
  "drag": {
    "dragging": false,
    "top": 0,
    "left": 0
  },
  "resize": {
    "resizing": false,
    "width": 0,
    "height": 0
  },
  "responsive": {
    "valueW": 2
  },
  "resizable": true,
  "draggable": true,
  "min": {},
  "max": {},
  "x": 0,
  "y": 0,
  "w": 14,
  "h": 7,
  "id": "_8v9vdib3l",
  "type": "liveCodeEditor",
  "name": "hello-world_y2pqvmh6b_myyx0w13z_5ygcr56yf_6b3c4x6qe_8v9vdib3l",
  "background": "#151515",
  "lineNumbers": true,
  "hasFocus": false,
  "theme": "icecoder",
  "data": "> {50}saw;",
  "grammarSource": "/languages/default/grammar.ne"
}, {
  "drag": {
    "dragging": false,
    "top": 0,
    "left": 0
  },
  "resize": {
    "resizing": false,
    "width": 0,
    "height": 0
  },
  "responsive": {
    "valueW": 0
  },
  "resizable": true,
  "draggable": true,
  "min": {},
  "max": {},
  "x": 0,
  "y": 7,
  "w": 12,
  "h": 2,
  "id": "_524vjn8kn",
  "name": "hello world_au1enazhs_iwu2mp3lh_6l092dg1c_nx9yneq25_524vjn8kn",
  "type": "analyser",
  "lineNumbers": true,
  "hasFocus": false,
  "theme": "monokai",
  "background": "#f0f0f0",
  "mode": "both"
},{
		"drag": { "top": null, "left": null, "dragging": false },
		"resize": { "width": null, "height": null, "resizing": false },
		"responsive": { "valueW": 0 },
		"static": false,
		"resizable": true,
		"draggable": true,
		"min": {},
		"max": {},
		"x": 12,
		"y": 0,
		"w": 5,
		"h": 7,
		"id": "_zj92yxxn0",
		"name": "hello world_1z19h81ii_zj92yxxn0",
		"type": "liveCodeParseOutput",
		"lineNumbers": false,
		"hasFocus": false,
		"theme": "shadowfox",
		"background": "#ebdeff",
		"data": ""
	}]
