[
	{
		"drag": { "dragging": false, "top": 0, "left": 0 },
		"resize": { "resizing": false, "width": 0, "height": 0 },
		"responsive": { "valueW": 2 },
		"resizable": true,
		"draggable": true,
		"min": {},
		"max": {},
		"x": 0,
		"y": 0,
		"w": 11,
		"h": 3,
		"id": "_6b3c4x6qe",
		"type": "liveCodeEditor",
		"name": "hello-world_y2pqvmh6b_myyx0w13z_5ygcr56yf_6b3c4x6qe",
		"background": "#151515",
		"lineNumbers": true,
		"hasFocus": false,
		"theme": "icecoder",
		"data": "// Make sure the audio is ON (click on top right button with RED speaker) \n\n// Place the cursor on this panel \n\n// Press cmd-Enter [Mac] OR ctrl-Enter [Win/Linux] to evaluate this code and playback sound! \n\n:x:{{{{4}clp, [3,2]}rsq}\\909b,2,0.1}asymclip;\n:z:{{{8}clp,[1,0]}rsq}\\909;\n\n> {:x:,:z:}sum;\n\n// Press cmd-. [Mac] OR ctrl-. [Win/Linux] to stop sound! ",
		"grammarSource": "/languages/default/grammar.ne",
		"liveCodeSource": "/languages/default/code.sem"
	},
	{
		"drag": { "dragging": false, "top": 0, "left": 0 },
		"resize": { "resizing": false, "width": 0, "height": 0 },
		"responsive": { "valueW": 0 },
		"resizable": true,
		"draggable": true,
		"min": {},
		"max": {},
		"x": 9,
		"y": 0,
		"w": 6,
		"h": 3,
		"id": "_nx9yneq25",
		"name": "hello world_au1enazhs_iwu2mp3lh_6l092dg1c_nx9yneq25",
		"type": "analyser",
		"lineNumbers": true,
		"hasFocus": false,
		"theme": "monokai",
		"background": "#f0f0f0",
		"mode": "both"
	},
	{
		"drag": { "dragging": false, "top": 0, "left": 0 },
		"resize": { "resizing": false, "width": 0, "height": 0 },
		"responsive": { "valueW": 0 },
		"resizable": true,
		"draggable": true,
		"min": {},
		"max": {},
		"x": 0,
		"y": 3,
		"w": 3,
		"h": 4,
		"id": "_nx9yneq25",
		"name": "hello world_au1enazhs_iwu2mp3lh_6l092dg1c_nx9yneq25",
		"type": "analyser",
		"lineNumbers": true,
		"hasFocus": false,
		"theme": "monokai",
		"background": "#f0f0f0",
		"mode": "oscilloscope"
	},
	{
		"drag": { "dragging": false, "top": 0, "left": 0 },
		"resize": { "resizing": false, "width": 0, "height": 0 },
		"responsive": { "valueW": 0 },
		"resizable": true,
		"draggable": true,
		"min": {},
		"max": {},
		"x": 7,
		"y": 3,
		"w": 5,
		"h": 1,
		"id": "_nx9yneq25",
		"name": "hello world_au1enazhs_iwu2mp3lh_6l092dg1c_nx9yneq25",
		"type": "analyser",
		"lineNumbers": true,
		"hasFocus": false,
		"theme": "monokai",
		"background": "#f0f0f0",
		"mode": "oscilloscope"
	},
	{
		"drag": { "dragging": false, "top": 0, "left": 0 },
		"resize": { "resizing": false, "width": 0, "height": 0 },
		"responsive": { "valueW": 0 },
		"resizable": true,
		"draggable": true,
		"min": {},
		"max": {},
		"x": 3,
		"y": 3,
		"w": 4,
		"h": 3,
		"id": "_nx9yneq25",
		"name": "hello world_au1enazhs_iwu2mp3lh_6l092dg1c_nx9yneq25",
		"type": "analyser",
		"lineNumbers": true,
		"hasFocus": false,
		"theme": "monokai",
		"background": "#f0f0f0",
		"mode": "spectrogram"
	},
	{
		"drag": { "dragging": false, "top": 0, "left": 0 },
		"resize": { "resizing": false, "width": 0, "height": 0 },
		"responsive": { "valueW": 0 },
		"resizable": true,
		"draggable": true,
		"min": {},
		"max": {},
		"x": 7,
		"y": 4,
		"w": 1,
		"h": 1,
		"id": "_nx9yneq25",
		"name": "hello world_au1enazhs_iwu2mp3lh_6l092dg1c_nx9yneq25",
		"type": "analyser",
		"lineNumbers": true,
		"hasFocus": false,
		"theme": "monokai",
		"background": "#f0f0f0",
		"mode": "both"
	}
]
