[
	{
		"drag": { "top": null, "left": null, "dragging": false },
		"resize": { "width": null, "height": null, "resizing": false },
		"responsive": { "valueW": 0 },
		"resizable": true,
		"draggable": true,
		"min": {},
		"max": {},
		"x": 14,
		"y": 2,
		"w": 1,
		"h": 2,
		"id": "_iwu2mp3lh",
		"name": "hello world_au1enazhs_iwu2mp3lh",
		"type": "analyser",
		"lineNumbers": true,
		"hasFocus": false,
		"theme": "monokai",
		"background": "#f0f0f0",
		"mode": "both"
	},
	{
		"drag": { "top": null, "left": null, "dragging": false },
		"resize": { "width": null, "height": null, "resizing": false },
		"responsive": { "valueW": 0 },
		"static": false,
		"resizable": true,
		"draggable": true,
		"min": {},
		"max": {},
		"x": 0,
		"y": 0,
		"w": 8,
		"h": 9,
		"id": "_xgvh156eb",
		"name": "hello world_3cquz33zu_xgvh156eb",
		"type": "grammarEditor",
		"lineNumbers": true,
		"hasFocus": false,
		"theme": "monokai",
		"background": "#AAAAAA",
    "data": "// GRAMMAR EDITOR\n\n# Lexer [or tokenizer] definition with language lexemes [or tokens]\n\n@{%\n\n\tconst lexer = moo.compile({\n\t\tseparator: \t/,/,\n\t\tparamEnd:  \t/}/,\n\t\tparamBegin:\t/{/,\n\t\tlistEnd:   \t/\\]/,\n\t\tlistBegin: \t/\\[/,\n\t\tdacoutCh:  \t/\\>[0-9]+/,\n\t\tdacout:    \t/\\>/,\n\t\tvariable:  \t/:[a-zA-Z0-9]+:/,\n\t\tsample:    \t{ match: /\\\\[a-zA-Z0-9]+/, lineBreaks: true, value: x => x.slice(1, x.length)},\n\t\tslice:     \t{ match: /\\|[a-zA-Z0-9]+/, lineBreaks: true, value: x => x.slice(1, x.length)},\n\t\tstretch:   \t{ match: /\\@[a-zA-Z0-9]+/, lineBreaks: true, value: x => x.slice(1, x.length)},\n\t\tclockTrig: \t/0t-?(?:[0-9]|[1-9][0-9]+)(?:\\.[0-9]+)?\\b/,\n\t\tnumber:    \t/-?(?:[0-9]|[1-9][0-9]+)(?:\\.[0-9]+)?\\b/,\n\t\tsemicolon: \t/;/,\n\t\tfuncName:  \t/[a-zA-Z][a-zA-Z0-9]*/,\n\t\tstring:\t\t\t{ match: /'[a-zA-Z0-9]+'/, value: x => x.slice(1,x.length-1)},\n\t\tcomment:   \t/\\/\\/[^\\n]*/,\n\t\tws:        \t{ match: /\\s+/, lineBreaks: true},\n\t});\n\n%}\n\n# Pass your lexer object using the @lexer option\n@lexer lexer\n\n# Grammar definition in the Extended Backus Naur Form (EBNF)\nmain -> _ Statement _\n{% d => ( { '@lang' : d[1] } )  %}\n\nStatement ->\n  %comment _ Statement\n  {% d => d[2] %}\n\t|\n  Expression _ %semicolon _ Statement\n  {% d => [ { '@spawn': d[0] } ].concat(d[4]) %}\n  |\n  Expression _ %semicolon (_ %comment):*\n  {% d => [ { '@spawn': d[0] } ] %}\n\n\nExpression ->\n  ParameterList _ %funcName\n  {% d => sema.synth( d[2].value, d[0]['@params'] ) %}\n  |\n  ParameterList _ %sample\n  {% d => sema.synth( 'sampler', d[0]['@params'].concat( [ sema.str( d[2].value ) ] ) ) %}\n  |\n  ParameterList _ %slice\n  {% d => sema.synth( 'slice', d[0]['@params'].concat( [ sema.str( d[2].value ) ] ) ) %}\n  |\n  ParameterList _ %stretch\n  {% d => sema.synth( 'stretch', d[0]['@params'].concat( [ sema.str( d[2].value ) ] ) ) %}\n  |\n  %variable _ Expression\n  {% d => sema.setvar( d[0].value, d[2] ) %}\n  |\n  %dacout _ Expression\n  {% d => sema.synth( 'dac', [d[2]] ) %}\n  |\n  %dacoutCh _ Expression\n  {% d => sema.synth( 'dac', [d[2], sema.num(d[0].value.substr(1))] ) %}\n\nParameterList ->\n  %paramBegin Params %paramEnd\n  {% d => ( { 'paramBegin': d[0], '@params': d[1], 'paramEnd': d[2] } ) %}\n\t|\n\t%paramBegin _ %paramEnd\n  {% d => ( { 'paramBegin': d[0], '@params': [], 'paramEnd': d[2] } ) %}\n\n\nParams ->\n  ParamElement\n  {% d => ( [ d[0] ] ) %}\n  |\n  ParamElement _ %separator _ Params\n  {% d => [ d[0] ].concat(d[4]) %}\n\nParamElement ->\n  %number\n  {% d => ( { '@num': d[0] } ) %}\n\t|\n\t%string\n  {% d => ( { '@string': d[0].value } ) %}\n  |\n  Expression\n  {% id %}\n  |\n  %variable\n  {% d => sema.getvar( d[0].value ) %}\n  |\n  %listBegin Params  %listEnd\n  {% d => ( { '@list': d[1] } )%}\n\n\n# Whitespace\n\n_  -> wschar:*\n{% function(d) {return null;} %}\n\n__ -> wschar:+\n{% function(d) {return null;} %}\n\nwschar -> %ws\n{% id %}\n"
	},
	{
		"drag": { "top": null, "left": null, "dragging": false },
		"resize": { "width": null, "height": null, "resizing": false },
		"responsive": { "valueW": 0 },
		"resizable": true,
		"draggable": true,
		"min": {},
		"max": {},
		"x": 8,
		"y": 2,
		"w": 6,
		"h": 2,
		"id": "_ont3g4uft",
		"type": "liveCodeEditor",
		"name": "hello-world_ti9ftly8u_ont3g4uft",
		"background": "#151515",
		"lineNumbers": true,
		"hasFocus": false,
		"theme": "icecoder",
		"data": "// LIVE CODE EDITOR\n\n// Press cmd-Enter [Mac] OR ctrl-Enter [Win/Linux] to evaluate this code and playback sound! \n\n>{{300}sin, {1000}sin}mul;\n\n// Press cmd-. [Mac] OR ctrl-. [Win/Linux] to stop sound! ",
		"grammarSource": "/languages/default/grammar.ne",
		"liveCodeSource": "/languages/default/code.sem"
	},

	{
		"drag": { "top": null, "left": null, "dragging": false },
		"resize": { "width": null, "height": null, "resizing": false },
		"responsive": { "valueW": 0 },
		"static": false,
		"resizable": true,
		"draggable": true,
		"min": {},
		"max": {},
		"x": 12,
		"y": 4,
		"w": 3,
		"h": 5,
		"id": "_lrgjppobq",
		"name": "hello world_2u9faflxp_lrgjppobq",
		"type": "dspCodeOutput",
		"lineNumbers": true,
		"hasFocus": false,
		"theme": "monokai",
		"background": "#fdbd9a",
		"data": ""
	},
	{
		"drag": { "top": null, "left": null, "dragging": false },
		"resize": { "width": null, "height": null, "resizing": false },
		"responsive": { "valueW": 9 },
		"static": false,
		"resizable": true,
		"draggable": true,
		"min": {},
		"max": {},
		"x": 8,
		"y": 0,
		"w": 16,
		"h": 2,
		"id": "_zb8xq8ytb",
		"name": "hello world_65sn8ifoq_zb8xq8ytb",
		"type": "grammarCompileOutput",
		"lineNumbers": true,
		"hasFocus": false,
		"theme": "monokai",
		"background": "#d1d5ff",
		"data": ""
	},
	{
		"drag": { "top": null, "left": null, "dragging": false },
		"resize": { "width": null, "height": null, "resizing": false },
		"responsive": { "valueW": 0 },
		"static": false,
		"resizable": true,
		"draggable": true,
		"min": {},
		"max": {},
		"x": 8,
		"y": 4,
		"w": 4,
		"h": 5,
		"id": "_zj92yxxn0",
		"name": "hello world_1z19h81ii_zj92yxxn0",
		"type": "liveCodeParseOutput",
		"lineNumbers": false,
		"hasFocus": false,
		"theme": "shadowfox",
		"background": "#ebdeff",
		"data": ""
	}
]
