[{
  "drag": {
    "top": null,
    "left": null,
    "dragging": false
  },
  "resize": {
    "width": null,
    "height": null,
    "resizing": false
  },
  "responsive": {
    "valueW": 0
  },
  "static": false,
  "resizable": true,
  "draggable": true,
  "min": {},
  "max": {},
  "x": 0,
  "y": 0,
  "w": 6,
  "h": 7,
  "id": "_iig58jm02",
  "type": "liveCodeEditor",
  "name": "hello-world",
  "background": "#151515",
  "lineNumbers": true,
  "hasFocus": true,
  "theme": "icecoder",
  "data": "",
  "grammarSource": "/languages/default/grammar.ne",
  "liveCodeSource": "/languages/default/code.sem",
  "grammar": "\n# Lexer [or tokenizer] definition with language lexemes [or tokens]\n@{%\n\nconst lexer = moo.compile({\n  separator:      /,/,\n  paramEnd:       /}/,\n  paramBegin:     /{/,\n  listEnd:        /\\]/,\n  listBegin:      /\\[/,\n  dacoutCh:       /\\>[0-9]+/,\n  dacout:         /\\>/,\n  variable:       /:[a-zA-Z0-9]+:/,\n  sample:         { match: /\\\\[a-zA-Z0-9]+/, lineBreaks: true, value: x => x.slice(1, x.length)},\n  slice:          { match: /\\|[a-zA-Z0-9]+/, lineBreaks: true, value: x => x.slice(1, x.length)},\n  stretch:        { match: /\\@[a-zA-Z0-9]+/, lineBreaks: true, value: x => x.slice(1, x.length)},\n  clockTrig:      /0t-?(?:[0-9]|[1-9][0-9]+)(?:\\.[0-9]+)?\\b/,\n\tnumber:         /-?(?:[0-9]|[1-9][0-9]+)(?:\\.[0-9]+)?\\b/,\n  semicolon:      /;/,\n  funcName:       /[a-zA-Z][a-zA-Z0-9]*/,\n\tstring:\t\t\t\t\t{ match: /'[a-zA-Z0-9]+'/, value: x => x.slice(1,x.length-1)},\n  comment:        /\\/\\/[^\\n]*/,\n  ws:             { match: /\\s+/, lineBreaks: true},\n});\n\n%}\n\n# Pass your lexer object using the @lexer option\n@lexer lexer\n\n# Grammar definition in the Extended Backus Naur Form (EBNF)\nmain -> _ Statement _\n{% d => ( { '@lang' : d[1] } )  %}\n\nStatement ->\n  %comment _ Statement\n  {% d => d[2] %}\n\t|\n  Expression _ %semicolon _ Statement\n  {% d => [ { '@spawn': d[0] } ].concat(d[4]) %}\n  |\n  Expression _ %semicolon (_ %comment):*\n  {% d => [ { '@spawn': d[0] } ] %}\n\n\nExpression ->\n  ParameterList _ %funcName\n  {% d => sema.synth( d[2].value, d[0]['@params'] ) %}\n  |\n  ParameterList _ %sample\n  {% d => sema.synth( 'sampler', d[0]['@params'].concat( [ sema.str( d[2].value ) ] ) ) %}\n  |\n  ParameterList _ %slice\n  {% d => sema.synth( 'slice', d[0]['@params'].concat( [ sema.str( d[2].value ) ] ) ) %}\n  |\n  ParameterList _ %stretch\n  {% d => sema.synth( 'stretch', d[0]['@params'].concat( [ sema.str( d[2].value ) ] ) ) %}\n  |\n  %variable _ Expression\n  {% d => sema.setvar( d[0].value, d[2] ) %}\n  |\n  %dacout _ Expression\n  {% d => sema.synth( 'dac', [d[2]] ) %}\n  |\n  %dacoutCh _ Expression\n  {% d => sema.synth( 'dac', [d[2], sema.num(d[0].value.substr(1))] ) %}\n\nParameterList ->\n  %paramBegin Params %paramEnd\n  {% d => ( { 'paramBegin': d[0], '@params': d[1], 'paramEnd': d[2] } ) %}\n\t|\n\t%paramBegin _ %paramEnd\n  {% d => ( { 'paramBegin': d[0], '@params': [], 'paramEnd': d[2] } ) %}\n\n\nParams ->\n  ParamElement\n  {% d => ( [ d[0] ] ) %}\n  |\n  ParamElement _ %separator _ Params\n  {% d => [ d[0] ].concat(d[4]) %}\n\nParamElement ->\n  %number\n  {% d => ( { '@num': d[0] } ) %}\n\t|\n\t%string\n  {% d => ( { '@string': d[0].value } ) %}\n  |\n  Expression\n  {% id %}\n  |\n  %variable\n  {% d => sema.getvar( d[0].value ) %}\n  |\n  %listBegin Params  %listEnd\n  {% d => ( { '@list': d[1] } )%}\n\n\n# Whitespace\n\n_  -> wschar:*\n{% function(d) {return null;} %}\n\n__ -> wschar:+\n{% function(d) {return null;} %}\n\nwschar -> %ws\n{% id %}\n"
}, {
  "drag": {
    "top": null,
    "left": null,
    "dragging": false
  },
  "resize": {
    "width": null,
    "height": null,
    "resizing": false
  },
  "responsive": {
    "valueW": 0
  },
  "static": false,
  "resizable": true,
  "draggable": true,
  "min": {},
  "max": {},
  "x": 6,
  "y": 0,
  "w": 3,
  "h": 2,
  "id": "_q1vab92oa",
  "name": "hello world",
  "type": "analyser",
  "lineNumbers": true,
  "hasFocus": false,
  "theme": "monokai",
  "background": "#f0f0f0",
  "mode": "both"
}, {
  "drag": {
    "top": null,
    "left": null,
    "dragging": false
  },
  "resize": {
    "resizing": false,
    "width": 0,
    "height": 0
  },
  "responsive": {
    "valueW": 0
  },
  "static": false,
  "resizable": true,
  "draggable": true,
  "min": {},
  "max": {},
  "x": 9,
  "y": 0,
  "w": 6,
  "h": 7,
  "id": "_0d8t7cuqh",
  "name": "hello world",
  "type": "modelEditor",
  "lineNumbers": true,
  "hasFocus": false,
  "theme": "monokai",
  "background": "#f0f0f0",
  "data": "input = (id,x) => {\n    console.log(id, x);\n};\n"
}, {
  "drag": {
    "top": null,
    "left": null,
    "dragging": false
  },
  "resize": {
    "width": null,
    "height": null,
    "resizing": false
  },
  "responsive": {
    "valueW": 0
  },
  "static": false,
  "resizable": true,
  "draggable": true,
  "min": {},
  "max": {},
  "x": 6,
  "y": 2,
  "w": 3,
  "h": 5,
  "id": "_78x4p8n6u",
  "name": "hello world",
  "type": "liveCodeParseOutput",
  "lineNumbers": false,
  "hasFocus": false,
  "theme": "shadowfox",
  "background": "#ebdeff",
  "data": ""
}]
